Predictor,Estimate,SE,t,p
Intercept,1.12866,0.17506,6.44738,<0.001
Age,0.00783,0.00224,3.49319,<0.001
SEXE,−0.00386,0.01945,−0.19824,0.843
Level of education,−1.08e−4,0.01256,−0.00862,0.993
APOE ε4 status,0.00232,0.02233,0.10411,0.917
